300, ./essentials/300.html
301, ./essentials/301.html
302, ./essentials/302.html
303, ./essentials/303.html
304, ./essentials/304.html
305, ./essentials/305.html
307, ./essentials/307.html
400, ./essentials/400.html
401, ./essentials/401.html
402, ./essentials/402.html
403, ./essentials/403.html
404, ./essentials/404.html
405, ./essentials/405.html
406, ./essentials/406.html
407, ./essentials/407.html
408, ./essentials/408.html
409, ./essentials/409.html
410, ./essentials/410.html
411, ./essentials/411.html
412, ./essentials/412.html
413, ./essentials/413.html
414, ./essentials/414.html
415, ./essentials/415.html
416, ./essentials/416.html
417, ./essentials/417.html
500, ./essentials/500.html
501, ./essentials/501.html
502, ./essentials/502.html
503, ./essentials/503.html
504, ./essentials/504.html
505, ./essentials/505.html